{
  "ents_f": 86.5464321721,
  "ents_p": 86.7358967163,
  "ents_r": 86.3577935506,
  "las": 90.1734441725,
  "tags_acc": 97.2200800054,
  "token_acc": 99.7579930934,
  "uas": 92.0132337105
}